1790867951,billetera-batch-1,0.15%,90.34MiB / 7.594GiB
1790867951,billetera-kong-1,0.98%,315.1MiB / 7.594GiB
1790867951,billetera-api-1,1.59%,160.8MiB / 7.594GiB
1790867951,billetera-core-simulado-1,2.03%,48.49MiB / 7.594GiB
1790867951,billetera-auth-1,7.54%,25.57MiB / 7.594GiB
1790867951,billetera-core-adapter-1,0.01%,28.02MiB / 7.594GiB
1790867951,billetera-postgres-1,3.92%,73.35MiB / 7.594GiB
1790867951,billetera-rabbitmq-1,0.45%,115.3MiB / 7.594GiB
1790867958,billetera-batch-1,2.12%,90.53MiB / 7.594GiB
1790867958,billetera-kong-1,23.27%,314.8MiB / 7.594GiB
1790867958,billetera-api-1,24.99%,155.7MiB / 7.594GiB
1790867958,billetera-core-simulado-1,7.59%,53MiB / 7.594GiB
1790867958,billetera-auth-1,0.00%,25.57MiB / 7.594GiB
1790867958,billetera-core-adapter-1,3.28%,31.68MiB / 7.594GiB
1790867958,billetera-postgres-1,52.57%,131MiB / 7.594GiB
1790867958,billetera-rabbitmq-1,2.50%,115.1MiB / 7.594GiB
1790867965,billetera-batch-1,3.06%,90.79MiB / 7.594GiB
1790867965,billetera-kong-1,37.44%,316.3MiB / 7.594GiB
1790867965,billetera-api-1,37.83%,167.1MiB / 7.594GiB
1790867965,billetera-core-simulado-1,10.97%,61.06MiB / 7.594GiB
1790867965,billetera-auth-1,0.00%,25.57MiB / 7.594GiB
1790867965,billetera-core-adapter-1,4.83%,37.59MiB / 7.594GiB
1790867965,billetera-postgres-1,89.47%,135.8MiB / 7.594GiB
1790867965,billetera-rabbitmq-1,5.53%,115.4MiB / 7.594GiB
1790867972,billetera-batch-1,3.30%,91.07MiB / 7.594GiB
1790867972,billetera-kong-1,41.60%,316.7MiB / 7.594GiB
1790867972,billetera-api-1,27.98%,166.9MiB / 7.594GiB
1790867972,billetera-core-simulado-1,11.92%,74.7MiB / 7.594GiB
1790867972,billetera-auth-1,0.00%,25.57MiB / 7.594GiB
1790867972,billetera-core-adapter-1,4.13%,44.75MiB / 7.594GiB
1790867972,billetera-postgres-1,48.38%,137.9MiB / 7.594GiB
1790867972,billetera-rabbitmq-1,53.73%,182MiB / 7.594GiB
1790867979,billetera-batch-1,2.50%,91.42MiB / 7.594GiB
1790867979,billetera-kong-1,29.37%,317.6MiB / 7.594GiB
1790867979,billetera-api-1,36.19%,180.2MiB / 7.594GiB
1790867979,billetera-core-simulado-1,8.21%,75.48MiB / 7.594GiB
1790867979,billetera-auth-1,0.00%,25.57MiB / 7.594GiB
1790867979,billetera-core-adapter-1,2.93%,45.89MiB / 7.594GiB
1790867979,billetera-postgres-1,86.99%,143.2MiB / 7.594GiB
1790867979,billetera-rabbitmq-1,22.19%,115.7MiB / 7.594GiB
1790867986,billetera-batch-1,1.82%,91.49MiB / 7.594GiB
1790867986,billetera-kong-1,38.83%,320.1MiB / 7.594GiB
1790867986,billetera-api-1,37.44%,182.4MiB / 7.594GiB
1790867986,billetera-core-simulado-1,13.69%,78.94MiB / 7.594GiB
1790867986,billetera-auth-1,0.00%,25.58MiB / 7.594GiB
1790867986,billetera-core-adapter-1,2.47%,52.59MiB / 7.594GiB
1790867986,billetera-postgres-1,94.76%,141.6MiB / 7.594GiB
1790867986,billetera-rabbitmq-1,4.56%,115.8MiB / 7.594GiB
1790867993,billetera-batch-1,3.37%,91.72MiB / 7.594GiB
1790867993,billetera-kong-1,37.87%,318.2MiB / 7.594GiB
1790867993,billetera-api-1,36.30%,182.3MiB / 7.594GiB
1790867993,billetera-core-simulado-1,12.07%,103.6MiB / 7.594GiB
1790867993,billetera-auth-1,0.00%,25.58MiB / 7.594GiB
1790867993,billetera-core-adapter-1,5.05%,59MiB / 7.594GiB
1790867993,billetera-postgres-1,90.64%,141.4MiB / 7.594GiB
1790867993,billetera-rabbitmq-1,4.32%,115.6MiB / 7.594GiB
1790868000,billetera-batch-1,2.21%,91.91MiB / 7.594GiB
1790868000,billetera-kong-1,35.25%,320.8MiB / 7.594GiB
1790868000,billetera-api-1,33.62%,184.1MiB / 7.594GiB
1790868000,billetera-core-simulado-1,13.38%,105.8MiB / 7.594GiB
1790868000,billetera-auth-1,0.00%,25.58MiB / 7.594GiB
1790868000,billetera-core-adapter-1,2.76%,60.25MiB / 7.594GiB
1790868000,billetera-postgres-1,77.79%,141.2MiB / 7.594GiB
1790868000,billetera-rabbitmq-1,4.32%,115.6MiB / 7.594GiB
1790868008,billetera-batch-1,3.05%,92.41MiB / 7.594GiB
1790868008,billetera-kong-1,38.33%,319.1MiB / 7.594GiB
1790868008,billetera-api-1,35.99%,185.3MiB / 7.594GiB
1790868008,billetera-core-simulado-1,11.96%,105.7MiB / 7.594GiB
1790868008,billetera-auth-1,0.00%,25.58MiB / 7.594GiB
1790868008,billetera-core-adapter-1,3.37%,62.37MiB / 7.594GiB
1790868008,billetera-postgres-1,84.65%,138.2MiB / 7.594GiB
1790868008,billetera-rabbitmq-1,4.34%,115.6MiB / 7.594GiB
1790868015,billetera-batch-1,2.51%,92.33MiB / 7.594GiB
1790868015,billetera-kong-1,35.14%,323.5MiB / 7.594GiB
1790868015,billetera-api-1,31.95%,183.2MiB / 7.594GiB
1790868015,billetera-core-simulado-1,7.27%,106MiB / 7.594GiB
1790868015,billetera-auth-1,0.00%,25.58MiB / 7.594GiB
1790868015,billetera-core-adapter-1,3.16%,64.62MiB / 7.594GiB
1790868015,billetera-postgres-1,50.82%,138.9MiB / 7.594GiB
1790868015,billetera-rabbitmq-1,4.10%,116.1MiB / 7.594GiB
1790868022,billetera-batch-1,3.00%,91.95MiB / 7.594GiB
1790868022,billetera-kong-1,35.45%,320.3MiB / 7.594GiB
1790868022,billetera-api-1,35.46%,184.5MiB / 7.594GiB
1790868022,billetera-core-simulado-1,9.69%,106.1MiB / 7.594GiB
1790868022,billetera-auth-1,0.00%,25.58MiB / 7.594GiB
1790868022,billetera-core-adapter-1,3.53%,77.01MiB / 7.594GiB
1790868022,billetera-postgres-1,96.52%,142.6MiB / 7.594GiB
1790868022,billetera-rabbitmq-1,74.05%,115.8MiB / 7.594GiB
1790868029,billetera-batch-1,3.31%,92.17MiB / 7.594GiB
1790868029,billetera-kong-1,38.59%,322.9MiB / 7.594GiB
1790868029,billetera-api-1,34.94%,187.2MiB / 7.594GiB
1790868029,billetera-core-simulado-1,9.60%,124.5MiB / 7.594GiB
1790868029,billetera-auth-1,0.00%,25.58MiB / 7.594GiB
1790868029,billetera-core-adapter-1,4.17%,81.25MiB / 7.594GiB
1790868029,billetera-postgres-1,89.47%,150.6MiB / 7.594GiB
1790868029,billetera-rabbitmq-1,5.69%,116MiB / 7.594GiB
1790868036,billetera-batch-1,2.80%,92.48MiB / 7.594GiB
1790868036,billetera-kong-1,32.51%,319.3MiB / 7.594GiB
1790868036,billetera-api-1,38.07%,187MiB / 7.594GiB
1790868036,billetera-core-simulado-1,10.27%,147.9MiB / 7.594GiB
1790868036,billetera-auth-1,0.00%,25.58MiB / 7.594GiB
1790868036,billetera-core-adapter-1,4.07%,90.14MiB / 7.594GiB
1790868036,billetera-postgres-1,93.84%,146.5MiB / 7.594GiB
1790868036,billetera-rabbitmq-1,5.20%,115.9MiB / 7.594GiB
1790868043,billetera-batch-1,2.91%,91.95MiB / 7.594GiB
1790868043,billetera-kong-1,48.26%,321.6MiB / 7.594GiB
1790868043,billetera-api-1,36.89%,188.7MiB / 7.594GiB
1790868043,billetera-core-simulado-1,7.98%,161.6MiB / 7.594GiB
1790868043,billetera-auth-1,0.00%,25.58MiB / 7.594GiB
1790868043,billetera-core-adapter-1,3.85%,90.59MiB / 7.594GiB
1790868043,billetera-postgres-1,96.10%,144.5MiB / 7.594GiB
1790868043,billetera-rabbitmq-1,4.84%,115.9MiB / 7.594GiB
1790868051,billetera-batch-1,2.72%,91.94MiB / 7.594GiB
1790868051,billetera-kong-1,37.14%,320.2MiB / 7.594GiB
1790868051,billetera-api-1,30.48%,187.3MiB / 7.594GiB
1790868051,billetera-core-simulado-1,6.95%,160.7MiB / 7.594GiB
1790868051,billetera-auth-1,0.00%,25.58MiB / 7.594GiB
1790868051,billetera-core-adapter-1,3.74%,94.1MiB / 7.594GiB
1790868051,billetera-postgres-1,70.69%,147.1MiB / 7.594GiB
1790868051,billetera-rabbitmq-1,5.39%,116.1MiB / 7.594GiB
1790868058,billetera-batch-1,4.88%,86.84MiB / 7.594GiB
1790868058,billetera-kong-1,3.55%,319.7MiB / 7.594GiB
1790868058,billetera-api-1,3.48%,187.2MiB / 7.594GiB
1790868058,billetera-core-simulado-1,5.78%,160.7MiB / 7.594GiB
1790868058,billetera-auth-1,0.00%,25.58MiB / 7.594GiB
1790868058,billetera-core-adapter-1,3.61%,94.75MiB / 7.594GiB
1790868058,billetera-postgres-1,10.89%,144.1MiB / 7.594GiB
1790868058,billetera-rabbitmq-1,29.86%,116.1MiB / 7.594GiB
1790868065,billetera-batch-1,2.06%,87.36MiB / 7.594GiB
1790868065,billetera-kong-1,0.23%,318.7MiB / 7.594GiB
1790868065,billetera-api-1,0.65%,186.3MiB / 7.594GiB
1790868065,billetera-core-simulado-1,6.35%,160.9MiB / 7.594GiB
1790868065,billetera-auth-1,0.00%,25.58MiB / 7.594GiB
1790868065,billetera-core-adapter-1,3.47%,94.33MiB / 7.594GiB
1790868065,billetera-postgres-1,3.92%,142.2MiB / 7.594GiB
1790868065,billetera-rabbitmq-1,3.20%,116.1MiB / 7.594GiB
1790868072,billetera-batch-1,1.89%,87.35MiB / 7.594GiB
1790868072,billetera-kong-1,0.26%,318.7MiB / 7.594GiB
1790868072,billetera-api-1,0.10%,186.5MiB / 7.594GiB
1790868072,billetera-core-simulado-1,5.11%,161.5MiB / 7.594GiB
1790868072,billetera-auth-1,0.00%,25.58MiB / 7.594GiB
1790868072,billetera-core-adapter-1,7.96%,97.73MiB / 7.594GiB
1790868072,billetera-postgres-1,3.94%,142.1MiB / 7.594GiB
1790868072,billetera-rabbitmq-1,3.04%,116.3MiB / 7.594GiB
1790868079,billetera-batch-1,1.98%,87.38MiB / 7.594GiB
1790868079,billetera-kong-1,2.96%,318.6MiB / 7.594GiB
1790868079,billetera-api-1,3.02%,187.7MiB / 7.594GiB
1790868079,billetera-core-simulado-1,5.64%,163.3MiB / 7.594GiB
1790868079,billetera-auth-1,0.00%,25.58MiB / 7.594GiB
1790868079,billetera-core-adapter-1,3.62%,98.55MiB / 7.594GiB
1790868079,billetera-postgres-1,8.22%,142.1MiB / 7.594GiB
1790868079,billetera-rabbitmq-1,34.69%,175.4MiB / 7.594GiB
1790868086,billetera-batch-1,1.95%,86.82MiB / 7.594GiB
1790868086,billetera-kong-1,2.78%,318.8MiB / 7.594GiB
1790868086,billetera-api-1,2.94%,183.7MiB / 7.594GiB
1790868086,billetera-core-simulado-1,5.31%,163.7MiB / 7.594GiB
1790868086,billetera-auth-1,0.01%,25.58MiB / 7.594GiB
1790868086,billetera-core-adapter-1,3.24%,105.2MiB / 7.594GiB
1790868086,billetera-postgres-1,10.10%,113.6MiB / 7.594GiB
1790868086,billetera-rabbitmq-1,73.84%,116.4MiB / 7.594GiB
1790868093,billetera-batch-1,0.35%,87.09MiB / 7.594GiB
1790868093,billetera-kong-1,3.80%,318.9MiB / 7.594GiB
1790868093,billetera-api-1,2.81%,184.8MiB / 7.594GiB
1790868093,billetera-core-simulado-1,0.71%,163.3MiB / 7.594GiB
1790868093,billetera-auth-1,0.00%,25.58MiB / 7.594GiB
1790868093,billetera-core-adapter-1,0.84%,106.8MiB / 7.594GiB
1790868093,billetera-postgres-1,5.77%,113.5MiB / 7.594GiB
1790868093,billetera-rabbitmq-1,0.64%,115.9MiB / 7.594GiB
1790868100,billetera-batch-1,0.59%,87.08MiB / 7.594GiB
1790868100,billetera-kong-1,3.78%,319.1MiB / 7.594GiB
1790868100,billetera-api-1,3.19%,186.2MiB / 7.594GiB
1790868100,billetera-core-simulado-1,1.79%,163.5MiB / 7.594GiB
1790868100,billetera-auth-1,0.00%,25.58MiB / 7.594GiB
1790868100,billetera-core-adapter-1,0.34%,107.7MiB / 7.594GiB
1790868100,billetera-postgres-1,8.39%,113.4MiB / 7.594GiB
1790868100,billetera-rabbitmq-1,1.28%,116.1MiB / 7.594GiB
1790868107,billetera-batch-1,0.11%,87.07MiB / 7.594GiB
1790868107,billetera-kong-1,2.81%,319.2MiB / 7.594GiB
1790868107,billetera-api-1,2.96%,188MiB / 7.594GiB
1790868107,billetera-core-simulado-1,0.73%,163.5MiB / 7.594GiB
1790868107,billetera-auth-1,0.00%,25.58MiB / 7.594GiB
1790868107,billetera-core-adapter-1,0.14%,108.9MiB / 7.594GiB
1790868107,billetera-postgres-1,4.72%,106.2MiB / 7.594GiB
1790868107,billetera-rabbitmq-1,67.79%,115.9MiB / 7.594GiB
1790868114,billetera-batch-1,0.10%,86.81MiB / 7.594GiB
1790868114,billetera-kong-1,14.83%,319.2MiB / 7.594GiB
1790868114,billetera-api-1,2.69%,183.9MiB / 7.594GiB
1790868114,billetera-core-simulado-1,0.63%,163.7MiB / 7.594GiB
1790868114,billetera-auth-1,0.00%,25.58MiB / 7.594GiB
1790868114,billetera-core-adapter-1,0.07%,110.1MiB / 7.594GiB
1790868114,billetera-postgres-1,3.91%,101.2MiB / 7.594GiB
1790868114,billetera-rabbitmq-1,42.46%,116.1MiB / 7.594GiB
1790868121,billetera-batch-1,0.33%,87.05MiB / 7.594GiB
1790868121,billetera-kong-1,2.79%,319.6MiB / 7.594GiB
1790868121,billetera-api-1,2.64%,184.4MiB / 7.594GiB
1790868121,billetera-core-simulado-1,1.06%,163.5MiB / 7.594GiB
1790868121,billetera-auth-1,0.00%,25.58MiB / 7.594GiB
1790868121,billetera-core-adapter-1,0.41%,111.4MiB / 7.594GiB
1790868121,billetera-postgres-1,6.14%,98.83MiB / 7.594GiB
1790868121,billetera-rabbitmq-1,0.81%,116.4MiB / 7.594GiB
1790868129,billetera-batch-1,0.29%,87.07MiB / 7.594GiB
1790868129,billetera-kong-1,3.95%,319.3MiB / 7.594GiB
1790868129,billetera-api-1,3.36%,185.9MiB / 7.594GiB
1790868129,billetera-core-simulado-1,0.77%,163.2MiB / 7.594GiB
1790868129,billetera-auth-1,0.00%,25.58MiB / 7.594GiB
1790868129,billetera-core-adapter-1,0.29%,112.5MiB / 7.594GiB
1790868129,billetera-postgres-1,6.27%,103.4MiB / 7.594GiB
1790868129,billetera-rabbitmq-1,0.48%,116.1MiB / 7.594GiB
1790868136,billetera-batch-1,0.09%,87.05MiB / 7.594GiB
1790868136,billetera-kong-1,15.12%,317.7MiB / 7.594GiB
1790868136,billetera-api-1,0.26%,186.3MiB / 7.594GiB
1790868136,billetera-core-simulado-1,0.33%,163.2MiB / 7.594GiB
1790868136,billetera-auth-1,0.00%,25.58MiB / 7.594GiB
1790868136,billetera-core-adapter-1,0.10%,112.9MiB / 7.594GiB
1790868136,billetera-postgres-1,0.28%,103.7MiB / 7.594GiB
1790868136,billetera-rabbitmq-1,53.72%,116.2MiB / 7.594GiB
1790868143,billetera-batch-1,0.09%,86.81MiB / 7.594GiB
1790868143,billetera-kong-1,0.39%,317.7MiB / 7.594GiB
1790868143,billetera-api-1,0.11%,186.4MiB / 7.594GiB
1790868143,billetera-core-simulado-1,0.14%,163.2MiB / 7.594GiB
1790868143,billetera-auth-1,0.00%,25.58MiB / 7.594GiB
1790868143,billetera-core-adapter-1,0.05%,112.9MiB / 7.594GiB
1790868143,billetera-postgres-1,2.65%,103.8MiB / 7.594GiB
1790868143,billetera-rabbitmq-1,0.14%,116.2MiB / 7.594GiB
1790868150,billetera-batch-1,0.14%,86.81MiB / 7.594GiB
1790868150,billetera-kong-1,0.25%,317.7MiB / 7.594GiB
1790868150,billetera-api-1,0.12%,186.4MiB / 7.594GiB
1790868150,billetera-core-simulado-1,0.15%,163.2MiB / 7.594GiB
1790868150,billetera-auth-1,0.00%,25.58MiB / 7.594GiB
1790868150,billetera-core-adapter-1,0.02%,112.9MiB / 7.594GiB
1790868150,billetera-postgres-1,0.59%,101.5MiB / 7.594GiB
1790868150,billetera-rabbitmq-1,0.18%,115.9MiB / 7.594GiB
1790868157,billetera-batch-1,0.09%,87.05MiB / 7.594GiB
1790868157,billetera-kong-1,0.25%,317.5MiB / 7.594GiB
1790868157,billetera-api-1,0.28%,186.4MiB / 7.594GiB
1790868157,billetera-core-simulado-1,0.31%,163.5MiB / 7.594GiB
1790868157,billetera-auth-1,0.00%,25.58MiB / 7.594GiB
1790868157,billetera-core-adapter-1,0.03%,112.9MiB / 7.594GiB
1790868157,billetera-postgres-1,1.93%,89.15MiB / 7.594GiB
1790868157,billetera-rabbitmq-1,0.55%,116.3MiB / 7.594GiB
1790868164,billetera-batch-1,0.11%,87.3MiB / 7.594GiB
1790868164,billetera-kong-1,0.24%,317.5MiB / 7.594GiB
1790868164,billetera-api-1,0.11%,186.1MiB / 7.594GiB
1790868164,billetera-core-simulado-1,0.14%,163.2MiB / 7.594GiB
1790868164,billetera-auth-1,0.00%,25.58MiB / 7.594GiB
1790868164,billetera-core-adapter-1,0.02%,113MiB / 7.594GiB
1790868164,billetera-postgres-1,2.65%,76.46MiB / 7.594GiB
1790868164,billetera-rabbitmq-1,69.88%,116.1MiB / 7.594GiB
