1790867230,billetera-batch-1,0.46%,30.01MiB / 7.594GiB
1790867230,billetera-kong-1,1.73%,168.5MiB / 7.594GiB
1790867230,billetera-api-1,5.06%,44.8MiB / 7.594GiB
1790867230,billetera-core-simulado-1,1.71%,49.12MiB / 7.594GiB
1790867230,billetera-auth-1,0.01%,36.83MiB / 7.594GiB
1790867230,billetera-core-adapter-1,0.02%,25.59MiB / 7.594GiB
1790867230,billetera-postgres-1,5.17%,55.96MiB / 7.594GiB
1790867230,billetera-rabbitmq-1,0.39%,112.9MiB / 7.594GiB
1790867240,billetera-batch-1,0.80%,30.72MiB / 7.594GiB
1790867240,billetera-kong-1,2.69%,169.3MiB / 7.594GiB
1790867240,billetera-api-1,4.01%,47.75MiB / 7.594GiB
1790867240,billetera-core-simulado-1,0.98%,49.35MiB / 7.594GiB
1790867240,billetera-auth-1,0.00%,36.83MiB / 7.594GiB
1790867240,billetera-core-adapter-1,0.59%,32.07MiB / 7.594GiB
1790867240,billetera-postgres-1,2.44%,58.95MiB / 7.594GiB
1790867240,billetera-rabbitmq-1,41.97%,112.4MiB / 7.594GiB
1790867251,billetera-batch-1,0.24%,32.96MiB / 7.594GiB
1790867251,billetera-kong-1,4.92%,170.7MiB / 7.594GiB
1790867251,billetera-api-1,6.94%,49.14MiB / 7.594GiB
1790867251,billetera-core-simulado-1,1.11%,50.14MiB / 7.594GiB
1790867251,billetera-auth-1,0.00%,36.83MiB / 7.594GiB
1790867251,billetera-core-adapter-1,0.11%,32.82MiB / 7.594GiB
1790867251,billetera-postgres-1,3.55%,72.63MiB / 7.594GiB
1790867251,billetera-rabbitmq-1,22.07%,148.8MiB / 7.594GiB
1790867261,billetera-batch-1,0.99%,34.14MiB / 7.594GiB
1790867261,billetera-kong-1,5.94%,175.1MiB / 7.594GiB
1790867261,billetera-api-1,8.51%,50.27MiB / 7.594GiB
1790867261,billetera-core-simulado-1,2.02%,51.1MiB / 7.594GiB
1790867261,billetera-auth-1,0.00%,36.82MiB / 7.594GiB
1790867261,billetera-core-adapter-1,0.72%,34.38MiB / 7.594GiB
1790867261,billetera-postgres-1,9.20%,78.33MiB / 7.594GiB
1790867261,billetera-rabbitmq-1,0.79%,112.8MiB / 7.594GiB
1790867271,billetera-batch-1,0.85%,34.34MiB / 7.594GiB
1790867271,billetera-kong-1,8.61%,181.8MiB / 7.594GiB
1790867271,billetera-api-1,11.38%,53.11MiB / 7.594GiB
1790867271,billetera-core-simulado-1,2.00%,51.49MiB / 7.594GiB
1790867271,billetera-auth-1,0.00%,36.82MiB / 7.594GiB
1790867271,billetera-core-adapter-1,0.73%,34.31MiB / 7.594GiB
1790867271,billetera-postgres-1,9.18%,86.14MiB / 7.594GiB
1790867271,billetera-rabbitmq-1,1.17%,112.7MiB / 7.594GiB
1790867281,billetera-batch-1,1.09%,34.52MiB / 7.594GiB
1790867281,billetera-kong-1,7.70%,196.9MiB / 7.594GiB
1790867281,billetera-api-1,9.77%,53.92MiB / 7.594GiB
1790867281,billetera-core-simulado-1,2.24%,51.89MiB / 7.594GiB
1790867281,billetera-auth-1,0.00%,36.82MiB / 7.594GiB
1790867281,billetera-core-adapter-1,0.94%,34.66MiB / 7.594GiB
1790867281,billetera-postgres-1,10.56%,90.69MiB / 7.594GiB
1790867281,billetera-rabbitmq-1,1.30%,113MiB / 7.594GiB
1790867291,billetera-batch-1,4.26%,24.74MiB / 7.594GiB
1790867291,billetera-kong-1,12.30%,213.9MiB / 7.594GiB
1790867291,billetera-api-1,11.69%,67.48MiB / 7.594GiB
1790867291,billetera-core-simulado-1,4.52%,52.02MiB / 7.594GiB
1790867291,billetera-auth-1,0.01%,25.92MiB / 7.594GiB
1790867291,billetera-core-adapter-1,2.02%,35.13MiB / 7.594GiB
1790867291,billetera-postgres-1,15.30%,103MiB / 7.594GiB
1790867291,billetera-rabbitmq-1,40.68%,112.8MiB / 7.594GiB
1790867301,billetera-batch-1,1.22%,26.71MiB / 7.594GiB
1790867301,billetera-kong-1,12.36%,236.2MiB / 7.594GiB
1790867301,billetera-api-1,13.30%,69.12MiB / 7.594GiB
1790867301,billetera-core-simulado-1,3.17%,53.39MiB / 7.594GiB
1790867301,billetera-auth-1,0.00%,25.92MiB / 7.594GiB
1790867301,billetera-core-adapter-1,1.43%,34.73MiB / 7.594GiB
1790867301,billetera-postgres-1,12.19%,103.7MiB / 7.594GiB
1790867301,billetera-rabbitmq-1,7.83%,136.2MiB / 7.594GiB
1790867311,billetera-batch-1,2.69%,28.48MiB / 7.594GiB
1790867311,billetera-kong-1,10.09%,244.5MiB / 7.594GiB
1790867311,billetera-api-1,13.91%,70.33MiB / 7.594GiB
1790867311,billetera-core-simulado-1,3.62%,54MiB / 7.594GiB
1790867311,billetera-auth-1,0.00%,25.92MiB / 7.594GiB
1790867311,billetera-core-adapter-1,3.28%,34.82MiB / 7.594GiB
1790867311,billetera-postgres-1,17.79%,111.2MiB / 7.594GiB
1790867311,billetera-rabbitmq-1,2.33%,113.1MiB / 7.594GiB
1790867321,billetera-batch-1,2.42%,32.14MiB / 7.594GiB
1790867321,billetera-kong-1,15.88%,251.8MiB / 7.594GiB
1790867321,billetera-api-1,17.35%,100.8MiB / 7.594GiB
1790867321,billetera-core-simulado-1,5.04%,55.41MiB / 7.594GiB
1790867321,billetera-auth-1,0.00%,25.92MiB / 7.594GiB
1790867321,billetera-core-adapter-1,2.35%,35.1MiB / 7.594GiB
1790867321,billetera-postgres-1,17.67%,116.4MiB / 7.594GiB
1790867321,billetera-rabbitmq-1,2.40%,113.2MiB / 7.594GiB
1790867331,billetera-batch-1,2.93%,31.81MiB / 7.594GiB
1790867331,billetera-kong-1,12.97%,261.2MiB / 7.594GiB
1790867331,billetera-api-1,16.84%,100.2MiB / 7.594GiB
1790867331,billetera-core-simulado-1,3.86%,57.23MiB / 7.594GiB
1790867331,billetera-auth-1,0.01%,25.92MiB / 7.594GiB
1790867331,billetera-core-adapter-1,2.54%,35.63MiB / 7.594GiB
1790867331,billetera-postgres-1,24.38%,117.2MiB / 7.594GiB
1790867331,billetera-rabbitmq-1,3.10%,113.5MiB / 7.594GiB
1790867342,billetera-batch-1,1.36%,33.45MiB / 7.594GiB
1790867342,billetera-kong-1,18.80%,273.1MiB / 7.594GiB
1790867342,billetera-api-1,19.47%,100.8MiB / 7.594GiB
1790867342,billetera-core-simulado-1,4.41%,58.18MiB / 7.594GiB
1790867342,billetera-auth-1,0.00%,25.92MiB / 7.594GiB
1790867342,billetera-core-adapter-1,1.48%,35.57MiB / 7.594GiB
1790867342,billetera-postgres-1,22.29%,117.7MiB / 7.594GiB
1790867342,billetera-rabbitmq-1,26.57%,160MiB / 7.594GiB
1790867352,billetera-batch-1,1.42%,34.82MiB / 7.594GiB
1790867352,billetera-kong-1,15.81%,279.3MiB / 7.594GiB
1790867352,billetera-api-1,17.45%,100.2MiB / 7.594GiB
1790867352,billetera-core-simulado-1,4.98%,60.25MiB / 7.594GiB
1790867352,billetera-auth-1,0.00%,25.92MiB / 7.594GiB
1790867352,billetera-core-adapter-1,1.59%,38.49MiB / 7.594GiB
1790867352,billetera-postgres-1,23.30%,120.2MiB / 7.594GiB
1790867352,billetera-rabbitmq-1,2.29%,113.5MiB / 7.594GiB
1790867362,billetera-batch-1,3.20%,36.01MiB / 7.594GiB
1790867362,billetera-kong-1,20.66%,292MiB / 7.594GiB
1790867362,billetera-api-1,28.00%,104.2MiB / 7.594GiB
1790867362,billetera-core-simulado-1,6.24%,71.91MiB / 7.594GiB
1790867362,billetera-auth-1,0.00%,25.92MiB / 7.594GiB
1790867362,billetera-core-adapter-1,2.10%,40.21MiB / 7.594GiB
1790867362,billetera-postgres-1,33.20%,120.5MiB / 7.594GiB
1790867362,billetera-rabbitmq-1,2.97%,113.5MiB / 7.594GiB
1790867372,billetera-batch-1,1.80%,39.83MiB / 7.594GiB
1790867372,billetera-kong-1,16.23%,301.1MiB / 7.594GiB
1790867372,billetera-api-1,22.59%,155MiB / 7.594GiB
1790867372,billetera-core-simulado-1,4.01%,73.1MiB / 7.594GiB
1790867372,billetera-auth-1,0.01%,25.92MiB / 7.594GiB
1790867372,billetera-core-adapter-1,5.26%,42.34MiB / 7.594GiB
1790867372,billetera-postgres-1,27.34%,120.7MiB / 7.594GiB
1790867372,billetera-rabbitmq-1,32.64%,113.6MiB / 7.594GiB
1790867382,billetera-batch-1,2.75%,43.07MiB / 7.594GiB
1790867382,billetera-kong-1,24.83%,311.3MiB / 7.594GiB
1790867382,billetera-api-1,23.30%,158.7MiB / 7.594GiB
1790867382,billetera-core-simulado-1,9.68%,74.49MiB / 7.594GiB
1790867382,billetera-auth-1,0.00%,25.92MiB / 7.594GiB
1790867382,billetera-core-adapter-1,2.04%,47.8MiB / 7.594GiB
1790867382,billetera-postgres-1,34.91%,119.3MiB / 7.594GiB
1790867382,billetera-rabbitmq-1,75.67%,113.8MiB / 7.594GiB
1790867392,billetera-batch-1,1.60%,51.15MiB / 7.594GiB
1790867392,billetera-kong-1,19.83%,304.5MiB / 7.594GiB
1790867392,billetera-api-1,21.95%,157.8MiB / 7.594GiB
1790867392,billetera-core-simulado-1,4.38%,74.46MiB / 7.594GiB
1790867392,billetera-auth-1,0.00%,25.92MiB / 7.594GiB
1790867392,billetera-core-adapter-1,1.48%,50.07MiB / 7.594GiB
1790867392,billetera-postgres-1,35.07%,122.6MiB / 7.594GiB
1790867392,billetera-rabbitmq-1,2.94%,113.9MiB / 7.594GiB
1790867402,billetera-batch-1,2.51%,55.07MiB / 7.594GiB
1790867402,billetera-kong-1,22.58%,307.5MiB / 7.594GiB
1790867402,billetera-api-1,22.00%,165.1MiB / 7.594GiB
1790867402,billetera-core-simulado-1,4.68%,82.93MiB / 7.594GiB
1790867402,billetera-auth-1,0.00%,24.93MiB / 7.594GiB
1790867402,billetera-core-adapter-1,2.12%,52.15MiB / 7.594GiB
1790867402,billetera-postgres-1,35.55%,122.8MiB / 7.594GiB
1790867402,billetera-rabbitmq-1,2.92%,113.9MiB / 7.594GiB
1790867412,billetera-batch-1,1.97%,55.44MiB / 7.594GiB
1790867412,billetera-kong-1,16.48%,306.1MiB / 7.594GiB
1790867412,billetera-api-1,19.96%,168.1MiB / 7.594GiB
1790867412,billetera-core-simulado-1,6.09%,102MiB / 7.594GiB
1790867412,billetera-auth-1,0.00%,24.93MiB / 7.594GiB
1790867412,billetera-core-adapter-1,1.79%,59.89MiB / 7.594GiB
1790867412,billetera-postgres-1,32.74%,124.4MiB / 7.594GiB
1790867412,billetera-rabbitmq-1,2.31%,113.9MiB / 7.594GiB
1790867423,billetera-batch-1,1.97%,55.49MiB / 7.594GiB
1790867423,billetera-kong-1,25.15%,310.1MiB / 7.594GiB
1790867423,billetera-api-1,25.42%,172.7MiB / 7.594GiB
1790867423,billetera-core-simulado-1,4.97%,102.9MiB / 7.594GiB
1790867423,billetera-auth-1,0.00%,24.93MiB / 7.594GiB
1790867423,billetera-core-adapter-1,1.54%,67.35MiB / 7.594GiB
1790867423,billetera-postgres-1,41.98%,123.8MiB / 7.594GiB
1790867423,billetera-rabbitmq-1,3.49%,113.7MiB / 7.594GiB
1790867433,billetera-batch-1,1.68%,56.03MiB / 7.594GiB
1790867433,billetera-kong-1,15.49%,308.9MiB / 7.594GiB
1790867433,billetera-api-1,19.97%,180.9MiB / 7.594GiB
1790867433,billetera-core-simulado-1,8.70%,104.3MiB / 7.594GiB
1790867433,billetera-auth-1,0.00%,24.93MiB / 7.594GiB
1790867433,billetera-core-adapter-1,1.45%,69.3MiB / 7.594GiB
1790867433,billetera-postgres-1,35.29%,126.3MiB / 7.594GiB
1790867433,billetera-rabbitmq-1,2.47%,113.9MiB / 7.594GiB
1790867443,billetera-batch-1,1.03%,55.05MiB / 7.594GiB
1790867443,billetera-kong-1,24.51%,313.9MiB / 7.594GiB
1790867443,billetera-api-1,24.47%,183.3MiB / 7.594GiB
1790867443,billetera-core-simulado-1,4.72%,104.2MiB / 7.594GiB
1790867443,billetera-auth-1,0.00%,24.93MiB / 7.594GiB
1790867443,billetera-core-adapter-1,1.44%,69.73MiB / 7.594GiB
1790867443,billetera-postgres-1,33.57%,126.8MiB / 7.594GiB
1790867443,billetera-rabbitmq-1,10.05%,113.9MiB / 7.594GiB
1790867453,billetera-batch-1,2.96%,55.2MiB / 7.594GiB
1790867453,billetera-kong-1,19.66%,307.4MiB / 7.594GiB
1790867453,billetera-api-1,19.92%,188.8MiB / 7.594GiB
1790867453,billetera-core-simulado-1,5.64%,104.4MiB / 7.594GiB
1790867453,billetera-auth-1,0.00%,24.93MiB / 7.594GiB
1790867453,billetera-core-adapter-1,2.05%,69.86MiB / 7.594GiB
1790867453,billetera-postgres-1,37.82%,128.1MiB / 7.594GiB
1790867453,billetera-rabbitmq-1,3.57%,115.6MiB / 7.594GiB
1790867463,billetera-batch-1,1.92%,55.7MiB / 7.594GiB
1790867463,billetera-kong-1,18.62%,310MiB / 7.594GiB
1790867463,billetera-api-1,19.84%,194.2MiB / 7.594GiB
1790867463,billetera-core-simulado-1,4.69%,104.4MiB / 7.594GiB
1790867463,billetera-auth-1,0.00%,24.93MiB / 7.594GiB
1790867463,billetera-core-adapter-1,1.69%,71.62MiB / 7.594GiB
1790867463,billetera-postgres-1,37.54%,124.8MiB / 7.594GiB
1790867463,billetera-rabbitmq-1,2.93%,113.8MiB / 7.594GiB
1790867473,billetera-batch-1,1.99%,55.95MiB / 7.594GiB
1790867473,billetera-kong-1,17.67%,309.4MiB / 7.594GiB
1790867473,billetera-api-1,20.02%,197.7MiB / 7.594GiB
1790867473,billetera-core-simulado-1,4.49%,105.5MiB / 7.594GiB
1790867473,billetera-auth-1,0.00%,24.93MiB / 7.594GiB
1790867473,billetera-core-adapter-1,1.57%,77.65MiB / 7.594GiB
1790867473,billetera-postgres-1,32.49%,126.6MiB / 7.594GiB
1790867473,billetera-rabbitmq-1,2.50%,113.6MiB / 7.594GiB
1790867483,billetera-batch-1,2.96%,55.71MiB / 7.594GiB
1790867483,billetera-kong-1,22.21%,312.3MiB / 7.594GiB
1790867483,billetera-api-1,23.43%,204.4MiB / 7.594GiB
1790867483,billetera-core-simulado-1,5.34%,107.2MiB / 7.594GiB
1790867483,billetera-auth-1,0.00%,24.93MiB / 7.594GiB
1790867483,billetera-core-adapter-1,2.67%,80.02MiB / 7.594GiB
1790867483,billetera-postgres-1,37.86%,123.5MiB / 7.594GiB
1790867483,billetera-rabbitmq-1,73.86%,149MiB / 7.594GiB
1790867494,billetera-batch-1,2.90%,29.93MiB / 7.594GiB
1790867494,billetera-kong-1,18.97%,312.6MiB / 7.594GiB
1790867494,billetera-api-1,27.27%,72.9MiB / 7.594GiB
1790867494,billetera-core-simulado-1,4.86%,115MiB / 7.594GiB
1790867494,billetera-auth-1,0.00%,24.93MiB / 7.594GiB
1790867494,billetera-core-adapter-1,1.89%,79.96MiB / 7.594GiB
1790867494,billetera-postgres-1,40.80%,123.5MiB / 7.594GiB
1790867494,billetera-rabbitmq-1,2.59%,114.2MiB / 7.594GiB
1790867504,billetera-batch-1,6.80%,36.84MiB / 7.594GiB
1790867504,billetera-kong-1,19.64%,313.5MiB / 7.594GiB
1790867504,billetera-api-1,28.99%,79.13MiB / 7.594GiB
1790867504,billetera-core-simulado-1,4.71%,129.9MiB / 7.594GiB
1790867504,billetera-auth-1,0.00%,24.93MiB / 7.594GiB
1790867504,billetera-core-adapter-1,2.78%,81.15MiB / 7.594GiB
1790867504,billetera-postgres-1,46.10%,129.3MiB / 7.594GiB
1790867504,billetera-rabbitmq-1,4.18%,114.2MiB / 7.594GiB
1790867514,billetera-batch-1,1.82%,40.63MiB / 7.594GiB
1790867514,billetera-kong-1,16.60%,308.2MiB / 7.594GiB
1790867514,billetera-api-1,20.96%,101.7MiB / 7.594GiB
1790867514,billetera-core-simulado-1,4.47%,147.8MiB / 7.594GiB
1790867514,billetera-auth-1,0.00%,24.93MiB / 7.594GiB
1790867514,billetera-core-adapter-1,1.75%,81.49MiB / 7.594GiB
1790867514,billetera-postgres-1,38.75%,129.1MiB / 7.594GiB
1790867514,billetera-rabbitmq-1,50.31%,114.7MiB / 7.594GiB
1790867524,billetera-batch-1,2.87%,48.03MiB / 7.594GiB
1790867524,billetera-kong-1,22.41%,311.1MiB / 7.594GiB
1790867524,billetera-api-1,24.95%,105.3MiB / 7.594GiB
1790867524,billetera-core-simulado-1,5.28%,173.4MiB / 7.594GiB
1790867524,billetera-auth-1,0.00%,24.93MiB / 7.594GiB
1790867524,billetera-core-adapter-1,2.17%,81.8MiB / 7.594GiB
1790867524,billetera-postgres-1,42.35%,129.7MiB / 7.594GiB
1790867524,billetera-rabbitmq-1,2.68%,114.4MiB / 7.594GiB
1790867534,billetera-batch-1,2.83%,54.45MiB / 7.594GiB
1790867534,billetera-kong-1,15.86%,313.1MiB / 7.594GiB
1790867534,billetera-api-1,21.07%,106.4MiB / 7.594GiB
1790867534,billetera-core-simulado-1,7.14%,175MiB / 7.594GiB
1790867534,billetera-auth-1,0.00%,24.93MiB / 7.594GiB
1790867534,billetera-core-adapter-1,2.10%,84.39MiB / 7.594GiB
1790867534,billetera-postgres-1,44.52%,122.8MiB / 7.594GiB
1790867534,billetera-rabbitmq-1,2.87%,114.2MiB / 7.594GiB
1790867544,billetera-batch-1,1.72%,56.14MiB / 7.594GiB
1790867544,billetera-kong-1,24.76%,312.4MiB / 7.594GiB
1790867544,billetera-api-1,23.96%,159.6MiB / 7.594GiB
1790867544,billetera-core-simulado-1,4.18%,53.47MiB / 7.594GiB
1790867544,billetera-auth-1,0.00%,24.93MiB / 7.594GiB
1790867544,billetera-core-adapter-1,1.47%,84.86MiB / 7.594GiB
1790867544,billetera-postgres-1,43.82%,123.1MiB / 7.594GiB
1790867544,billetera-rabbitmq-1,20.64%,114.3MiB / 7.594GiB
1790867555,billetera-batch-1,1.90%,61.02MiB / 7.594GiB
1790867555,billetera-kong-1,18.00%,312.8MiB / 7.594GiB
1790867555,billetera-api-1,22.71%,160.7MiB / 7.594GiB
1790867555,billetera-core-simulado-1,5.01%,59.44MiB / 7.594GiB
1790867555,billetera-auth-1,0.00%,24.93MiB / 7.594GiB
1790867555,billetera-core-adapter-1,2.04%,88.73MiB / 7.594GiB
1790867555,billetera-postgres-1,48.97%,126.4MiB / 7.594GiB
1790867555,billetera-rabbitmq-1,71.30%,113.8MiB / 7.594GiB
1790867565,billetera-batch-1,3.24%,69MiB / 7.594GiB
1790867565,billetera-kong-1,22.96%,309.3MiB / 7.594GiB
1790867565,billetera-api-1,25.00%,161.9MiB / 7.594GiB
1790867565,billetera-core-simulado-1,7.65%,62.41MiB / 7.594GiB
1790867565,billetera-auth-1,0.00%,24.93MiB / 7.594GiB
1790867565,billetera-core-adapter-1,2.67%,101.2MiB / 7.594GiB
1790867565,billetera-postgres-1,53.74%,126.1MiB / 7.594GiB
1790867565,billetera-rabbitmq-1,2.29%,114.4MiB / 7.594GiB
1790867575,billetera-batch-1,2.22%,73.58MiB / 7.594GiB
1790867575,billetera-kong-1,19.20%,312MiB / 7.594GiB
1790867575,billetera-api-1,23.00%,163.2MiB / 7.594GiB
1790867575,billetera-core-simulado-1,5.85%,63.12MiB / 7.594GiB
1790867575,billetera-auth-1,0.00%,24.93MiB / 7.594GiB
1790867575,billetera-core-adapter-1,2.82%,102.9MiB / 7.594GiB
1790867575,billetera-postgres-1,49.13%,127.7MiB / 7.594GiB
1790867575,billetera-rabbitmq-1,2.72%,114.3MiB / 7.594GiB
1790867585,billetera-batch-1,4.75%,86.34MiB / 7.594GiB
1790867585,billetera-kong-1,34.53%,310.6MiB / 7.594GiB
1790867585,billetera-api-1,22.11%,163.5MiB / 7.594GiB
1790867585,billetera-core-simulado-1,4.82%,75.38MiB / 7.594GiB
1790867585,billetera-auth-1,0.00%,24.93MiB / 7.594GiB
1790867585,billetera-core-adapter-1,4.00%,110.7MiB / 7.594GiB
1790867585,billetera-postgres-1,49.92%,129.1MiB / 7.594GiB
1790867585,billetera-rabbitmq-1,22.04%,114MiB / 7.594GiB
1790867595,billetera-batch-1,2.04%,88.34MiB / 7.594GiB
1790867595,billetera-kong-1,28.92%,313.8MiB / 7.594GiB
1790867595,billetera-api-1,24.40%,169.7MiB / 7.594GiB
1790867595,billetera-core-simulado-1,4.74%,75.19MiB / 7.594GiB
1790867595,billetera-auth-1,0.00%,24.93MiB / 7.594GiB
1790867595,billetera-core-adapter-1,7.40%,122.6MiB / 7.594GiB
1790867595,billetera-postgres-1,41.11%,129.8MiB / 7.594GiB
1790867595,billetera-rabbitmq-1,3.24%,115.3MiB / 7.594GiB
1790867605,billetera-batch-1,2.23%,86.55MiB / 7.594GiB
1790867605,billetera-kong-1,38.80%,312.7MiB / 7.594GiB
1790867605,billetera-api-1,23.85%,174.1MiB / 7.594GiB
1790867605,billetera-core-simulado-1,6.52%,76.82MiB / 7.594GiB
1790867605,billetera-auth-1,0.01%,24.93MiB / 7.594GiB
1790867605,billetera-core-adapter-1,1.69%,123.1MiB / 7.594GiB
1790867605,billetera-postgres-1,49.53%,132.4MiB / 7.594GiB
1790867605,billetera-rabbitmq-1,2.26%,114.1MiB / 7.594GiB
1790867615,billetera-batch-1,1.90%,88.33MiB / 7.594GiB
1790867615,billetera-kong-1,32.11%,314.9MiB / 7.594GiB
1790867615,billetera-api-1,21.63%,177.8MiB / 7.594GiB
1790867615,billetera-core-simulado-1,5.25%,79.48MiB / 7.594GiB
1790867615,billetera-auth-1,0.00%,24.93MiB / 7.594GiB
1790867615,billetera-core-adapter-1,2.38%,123.7MiB / 7.594GiB
1790867615,billetera-postgres-1,48.03%,133.4MiB / 7.594GiB
1790867615,billetera-rabbitmq-1,3.48%,113.9MiB / 7.594GiB
1790867626,billetera-batch-1,2.94%,86.93MiB / 7.594GiB
1790867626,billetera-kong-1,36.10%,309.3MiB / 7.594GiB
1790867626,billetera-api-1,25.32%,181.5MiB / 7.594GiB
1790867626,billetera-core-simulado-1,8.50%,92.65MiB / 7.594GiB
1790867626,billetera-auth-1,0.00%,24.93MiB / 7.594GiB
1790867626,billetera-core-adapter-1,1.92%,124.4MiB / 7.594GiB
1790867626,billetera-postgres-1,49.41%,133.2MiB / 7.594GiB
1790867626,billetera-rabbitmq-1,27.03%,166.1MiB / 7.594GiB
1790867636,billetera-batch-1,1.47%,88.09MiB / 7.594GiB
1790867636,billetera-kong-1,30.68%,317.8MiB / 7.594GiB
1790867636,billetera-api-1,21.69%,187.6MiB / 7.594GiB
1790867636,billetera-core-simulado-1,5.11%,105.6MiB / 7.594GiB
1790867636,billetera-auth-1,0.00%,24.93MiB / 7.594GiB
1790867636,billetera-core-adapter-1,1.27%,123.9MiB / 7.594GiB
1790867636,billetera-postgres-1,47.01%,134.2MiB / 7.594GiB
1790867636,billetera-rabbitmq-1,2.54%,114.4MiB / 7.594GiB
1790867646,billetera-batch-1,2.06%,90.21MiB / 7.594GiB
1790867646,billetera-kong-1,15.59%,311.1MiB / 7.594GiB
1790867646,billetera-api-1,21.34%,192.3MiB / 7.594GiB
1790867646,billetera-core-simulado-1,4.54%,105.7MiB / 7.594GiB
1790867646,billetera-auth-1,0.00%,24.93MiB / 7.594GiB
1790867646,billetera-core-adapter-1,1.58%,123.8MiB / 7.594GiB
1790867646,billetera-postgres-1,47.70%,134.2MiB / 7.594GiB
1790867646,billetera-rabbitmq-1,3.04%,114.3MiB / 7.594GiB
1790867656,billetera-batch-1,0.53%,87.32MiB / 7.594GiB
1790867656,billetera-kong-1,22.18%,314.6MiB / 7.594GiB
1790867656,billetera-api-1,22.40%,197.3MiB / 7.594GiB
1790867656,billetera-core-simulado-1,4.04%,107.2MiB / 7.594GiB
1790867656,billetera-auth-1,0.00%,24.93MiB / 7.594GiB
1790867656,billetera-core-adapter-1,1.18%,124.4MiB / 7.594GiB
1790867656,billetera-postgres-1,47.34%,135.8MiB / 7.594GiB
1790867656,billetera-rabbitmq-1,18.41%,114.2MiB / 7.594GiB
1790867666,billetera-batch-1,0.77%,88.3MiB / 7.594GiB
1790867666,billetera-kong-1,18.30%,313.3MiB / 7.594GiB
1790867666,billetera-api-1,26.98%,62.26MiB / 7.594GiB
1790867666,billetera-core-simulado-1,4.80%,109.5MiB / 7.594GiB
1790867666,billetera-auth-1,0.00%,24.93MiB / 7.594GiB
1790867666,billetera-core-adapter-1,1.59%,124MiB / 7.594GiB
1790867666,billetera-postgres-1,48.02%,127.7MiB / 7.594GiB
1790867666,billetera-rabbitmq-1,1.99%,114.3MiB / 7.594GiB
1790867677,billetera-batch-1,0.94%,89.6MiB / 7.594GiB
1790867677,billetera-kong-1,29.58%,315.7MiB / 7.594GiB
1790867677,billetera-api-1,25.65%,76.55MiB / 7.594GiB
1790867677,billetera-core-simulado-1,5.91%,115MiB / 7.594GiB
1790867677,billetera-auth-1,0.00%,24.93MiB / 7.594GiB
1790867677,billetera-core-adapter-1,2.36%,124.4MiB / 7.594GiB
1790867677,billetera-postgres-1,57.77%,127.6MiB / 7.594GiB
1790867677,billetera-rabbitmq-1,3.15%,114.8MiB / 7.594GiB
1790867687,billetera-batch-1,2.45%,86.78MiB / 7.594GiB
1790867687,billetera-kong-1,17.57%,313.2MiB / 7.594GiB
1790867687,billetera-api-1,21.67%,102.5MiB / 7.594GiB
1790867687,billetera-core-simulado-1,8.00%,117.9MiB / 7.594GiB
1790867687,billetera-auth-1,0.00%,24.93MiB / 7.594GiB
1790867687,billetera-core-adapter-1,3.26%,125.2MiB / 7.594GiB
1790867687,billetera-postgres-1,46.38%,128.1MiB / 7.594GiB
1790867687,billetera-rabbitmq-1,3.74%,114.5MiB / 7.594GiB
1790867697,billetera-batch-1,1.68%,87.01MiB / 7.594GiB
1790867697,billetera-kong-1,27.96%,312.8MiB / 7.594GiB
1790867697,billetera-api-1,23.37%,103.4MiB / 7.594GiB
1790867697,billetera-core-simulado-1,6.78%,134.5MiB / 7.594GiB
1790867697,billetera-auth-1,0.00%,24.93MiB / 7.594GiB
1790867697,billetera-core-adapter-1,2.53%,126.1MiB / 7.594GiB
1790867697,billetera-postgres-1,43.78%,129.4MiB / 7.594GiB
1790867697,billetera-rabbitmq-1,51.04%,179MiB / 7.594GiB
1790867707,billetera-batch-1,1.83%,87.41MiB / 7.594GiB
1790867707,billetera-kong-1,18.33%,311.7MiB / 7.594GiB
1790867707,billetera-api-1,19.70%,104.2MiB / 7.594GiB
1790867707,billetera-core-simulado-1,7.64%,159.4MiB / 7.594GiB
1790867707,billetera-auth-1,0.00%,24.93MiB / 7.594GiB
1790867707,billetera-core-adapter-1,2.21%,126.5MiB / 7.594GiB
1790867707,billetera-postgres-1,44.73%,130.1MiB / 7.594GiB
1790867707,billetera-rabbitmq-1,3.18%,115MiB / 7.594GiB
1790867717,billetera-batch-1,2.33%,87.53MiB / 7.594GiB
1790867717,billetera-kong-1,23.55%,315.1MiB / 7.594GiB
1790867717,billetera-api-1,27.01%,157.9MiB / 7.594GiB
1790867717,billetera-core-simulado-1,6.85%,171.3MiB / 7.594GiB
1790867717,billetera-auth-1,0.00%,24.93MiB / 7.594GiB
1790867717,billetera-core-adapter-1,2.98%,134.7MiB / 7.594GiB
1790867717,billetera-postgres-1,44.66%,137.6MiB / 7.594GiB
1790867717,billetera-rabbitmq-1,3.07%,115.2MiB / 7.594GiB
1790867727,billetera-batch-1,1.18%,87.89MiB / 7.594GiB
1790867727,billetera-kong-1,17.56%,313.8MiB / 7.594GiB
1790867727,billetera-api-1,21.27%,158MiB / 7.594GiB
1790867727,billetera-core-simulado-1,5.25%,169.6MiB / 7.594GiB
1790867727,billetera-auth-1,0.00%,24.93MiB / 7.594GiB
1790867727,billetera-core-adapter-1,1.60%,138.2MiB / 7.594GiB
1790867727,billetera-postgres-1,40.08%,136.5MiB / 7.594GiB
1790867727,billetera-rabbitmq-1,2.07%,114.6MiB / 7.594GiB
1790867737,billetera-batch-1,1.93%,88.31MiB / 7.594GiB
1790867737,billetera-kong-1,23.30%,312.1MiB / 7.594GiB
1790867737,billetera-api-1,24.15%,156MiB / 7.594GiB
1790867737,billetera-core-simulado-1,6.78%,169.7MiB / 7.594GiB
1790867737,billetera-auth-1,0.00%,24.93MiB / 7.594GiB
1790867737,billetera-core-adapter-1,2.72%,138.7MiB / 7.594GiB
1790867737,billetera-postgres-1,48.67%,136.5MiB / 7.594GiB
1790867737,billetera-rabbitmq-1,2.58%,114.8MiB / 7.594GiB
1790867747,billetera-batch-1,1.33%,88.21MiB / 7.594GiB
1790867747,billetera-kong-1,16.73%,310.5MiB / 7.594GiB
1790867747,billetera-api-1,22.13%,160.3MiB / 7.594GiB
1790867747,billetera-core-simulado-1,6.47%,170.6MiB / 7.594GiB
1790867747,billetera-auth-1,0.00%,24.93MiB / 7.594GiB
1790867747,billetera-core-adapter-1,2.31%,139.3MiB / 7.594GiB
1790867747,billetera-postgres-1,57.61%,129.9MiB / 7.594GiB
1790867747,billetera-rabbitmq-1,2.52%,114.6MiB / 7.594GiB
1790867758,billetera-batch-1,2.03%,88.16MiB / 7.594GiB
1790867758,billetera-kong-1,21.63%,313.4MiB / 7.594GiB
1790867758,billetera-api-1,21.25%,157.9MiB / 7.594GiB
1790867758,billetera-core-simulado-1,6.46%,171.9MiB / 7.594GiB
1790867758,billetera-auth-1,0.00%,24.93MiB / 7.594GiB
1790867758,billetera-core-adapter-1,4.44%,138MiB / 7.594GiB
1790867758,billetera-postgres-1,46.85%,130.2MiB / 7.594GiB
1790867758,billetera-rabbitmq-1,3.41%,114.6MiB / 7.594GiB
1790867768,billetera-batch-1,1.77%,88.68MiB / 7.594GiB
1790867768,billetera-kong-1,17.01%,312.6MiB / 7.594GiB
1790867768,billetera-api-1,23.77%,157.5MiB / 7.594GiB
1790867768,billetera-core-simulado-1,4.99%,173MiB / 7.594GiB
1790867768,billetera-auth-1,0.00%,24.93MiB / 7.594GiB
1790867768,billetera-core-adapter-1,1.83%,138.6MiB / 7.594GiB
1790867768,billetera-postgres-1,45.46%,132.8MiB / 7.594GiB
1790867768,billetera-rabbitmq-1,10.79%,141.6MiB / 7.594GiB
1790867778,billetera-batch-1,0.93%,88.88MiB / 7.594GiB
1790867778,billetera-kong-1,21.18%,314.9MiB / 7.594GiB
1790867778,billetera-api-1,20.37%,158.3MiB / 7.594GiB
1790867778,billetera-core-simulado-1,4.00%,174.6MiB / 7.594GiB
1790867778,billetera-auth-1,0.00%,24.93MiB / 7.594GiB
1790867778,billetera-core-adapter-1,1.45%,139.6MiB / 7.594GiB
1790867778,billetera-postgres-1,42.17%,133.1MiB / 7.594GiB
1790867778,billetera-rabbitmq-1,3.14%,115MiB / 7.594GiB
1790867788,billetera-batch-1,1.23%,88.79MiB / 7.594GiB
1790867788,billetera-kong-1,17.69%,314.2MiB / 7.594GiB
1790867788,billetera-api-1,21.71%,157.2MiB / 7.594GiB
1790867788,billetera-core-simulado-1,5.17%,177.3MiB / 7.594GiB
1790867788,billetera-auth-1,0.00%,24.93MiB / 7.594GiB
1790867788,billetera-core-adapter-1,1.42%,149.9MiB / 7.594GiB
1790867788,billetera-postgres-1,54.28%,133.6MiB / 7.594GiB
1790867788,billetera-rabbitmq-1,1.93%,115MiB / 7.594GiB
1790867798,billetera-batch-1,1.19%,89.22MiB / 7.594GiB
1790867798,billetera-kong-1,20.39%,311.8MiB / 7.594GiB
1790867798,billetera-api-1,21.13%,159.3MiB / 7.594GiB
1790867798,billetera-core-simulado-1,5.79%,178.6MiB / 7.594GiB
1790867798,billetera-auth-1,0.00%,24.93MiB / 7.594GiB
1790867798,billetera-core-adapter-1,1.60%,152.2MiB / 7.594GiB
1790867798,billetera-postgres-1,49.50%,131.6MiB / 7.594GiB
1790867798,billetera-rabbitmq-1,56.66%,183.4MiB / 7.594GiB
1790867808,billetera-batch-1,0.65%,89.18MiB / 7.594GiB
1790867808,billetera-kong-1,16.24%,312.2MiB / 7.594GiB
1790867808,billetera-api-1,19.13%,160.1MiB / 7.594GiB
1790867808,billetera-core-simulado-1,3.40%,183MiB / 7.594GiB
1790867808,billetera-auth-1,0.00%,24.93MiB / 7.594GiB
1790867808,billetera-core-adapter-1,0.98%,152.8MiB / 7.594GiB
1790867808,billetera-postgres-1,45.65%,134.8MiB / 7.594GiB
1790867808,billetera-rabbitmq-1,12.12%,150.1MiB / 7.594GiB
1790867818,billetera-batch-1,1.34%,89.57MiB / 7.594GiB
1790867818,billetera-kong-1,15.85%,313MiB / 7.594GiB
1790867818,billetera-api-1,23.58%,156.1MiB / 7.594GiB
1790867818,billetera-core-simulado-1,4.65%,187.9MiB / 7.594GiB
1790867818,billetera-auth-1,0.00%,24.93MiB / 7.594GiB
1790867818,billetera-core-adapter-1,1.90%,153.7MiB / 7.594GiB
1790867818,billetera-postgres-1,39.58%,134.9MiB / 7.594GiB
1790867818,billetera-rabbitmq-1,2.51%,115.5MiB / 7.594GiB
1790867828,billetera-batch-1,1.35%,89.54MiB / 7.594GiB
1790867828,billetera-kong-1,12.69%,314.5MiB / 7.594GiB
1790867828,billetera-api-1,15.49%,159.4MiB / 7.594GiB
1790867828,billetera-core-simulado-1,3.87%,184.2MiB / 7.594GiB
1790867828,billetera-auth-1,0.00%,24.93MiB / 7.594GiB
1790867828,billetera-core-adapter-1,1.76%,154.1MiB / 7.594GiB
1790867828,billetera-postgres-1,33.60%,135MiB / 7.594GiB
1790867828,billetera-rabbitmq-1,2.26%,115MiB / 7.594GiB
1790867838,billetera-batch-1,0.60%,89.67MiB / 7.594GiB
1790867838,billetera-kong-1,13.20%,312.7MiB / 7.594GiB
1790867838,billetera-api-1,13.12%,156.7MiB / 7.594GiB
1790867838,billetera-core-simulado-1,3.20%,184.2MiB / 7.594GiB
1790867838,billetera-auth-1,0.00%,24.93MiB / 7.594GiB
1790867838,billetera-core-adapter-1,1.05%,152.5MiB / 7.594GiB
1790867838,billetera-postgres-1,28.49%,135MiB / 7.594GiB
1790867838,billetera-rabbitmq-1,54.17%,182MiB / 7.594GiB
1790867849,billetera-batch-1,1.25%,89.84MiB / 7.594GiB
1790867849,billetera-kong-1,9.35%,314.8MiB / 7.594GiB
1790867849,billetera-api-1,12.52%,157.8MiB / 7.594GiB
1790867849,billetera-core-simulado-1,2.97%,184.4MiB / 7.594GiB
1790867849,billetera-auth-1,0.00%,24.93MiB / 7.594GiB
1790867849,billetera-core-adapter-1,1.18%,152.7MiB / 7.594GiB
1790867849,billetera-postgres-1,23.50%,132.8MiB / 7.594GiB
1790867849,billetera-rabbitmq-1,0.76%,115.1MiB / 7.594GiB
1790867859,billetera-batch-1,0.31%,90.48MiB / 7.594GiB
1790867859,billetera-kong-1,12.98%,315.6MiB / 7.594GiB
1790867859,billetera-api-1,9.51%,159.2MiB / 7.594GiB
1790867859,billetera-core-simulado-1,2.24%,184.2MiB / 7.594GiB
1790867859,billetera-auth-1,0.00%,24.93MiB / 7.594GiB
1790867859,billetera-core-adapter-1,0.79%,153MiB / 7.594GiB
1790867859,billetera-postgres-1,17.25%,132.9MiB / 7.594GiB
1790867859,billetera-rabbitmq-1,0.56%,115.2MiB / 7.594GiB
1790867869,billetera-batch-1,0.38%,90.02MiB / 7.594GiB
1790867869,billetera-kong-1,4.56%,316MiB / 7.594GiB
1790867869,billetera-api-1,5.46%,160.2MiB / 7.594GiB
1790867869,billetera-core-simulado-1,1.38%,184.4MiB / 7.594GiB
1790867869,billetera-auth-1,0.00%,24.93MiB / 7.594GiB
1790867869,billetera-core-adapter-1,0.47%,153MiB / 7.594GiB
1790867869,billetera-postgres-1,11.85%,133.8MiB / 7.594GiB
1790867869,billetera-rabbitmq-1,1.09%,115.4MiB / 7.594GiB
1790867879,billetera-batch-1,0.33%,90.32MiB / 7.594GiB
1790867879,billetera-kong-1,3.89%,316MiB / 7.594GiB
1790867879,billetera-api-1,4.94%,158.3MiB / 7.594GiB
1790867879,billetera-core-simulado-1,0.85%,184.4MiB / 7.594GiB
1790867879,billetera-auth-1,0.00%,24.93MiB / 7.594GiB
1790867879,billetera-core-adapter-1,0.26%,153.1MiB / 7.594GiB
1790867879,billetera-postgres-1,8.11%,128.5MiB / 7.594GiB
1790867879,billetera-rabbitmq-1,0.43%,115MiB / 7.594GiB
1790867889,billetera-batch-1,0.25%,90.06MiB / 7.594GiB
1790867889,billetera-kong-1,1.26%,316MiB / 7.594GiB
1790867889,billetera-api-1,1.16%,161MiB / 7.594GiB
1790867889,billetera-core-simulado-1,0.37%,184.2MiB / 7.594GiB
1790867889,billetera-auth-1,0.00%,24.93MiB / 7.594GiB
1790867889,billetera-core-adapter-1,5.34%,28.29MiB / 7.594GiB
1790867889,billetera-postgres-1,4.77%,123.5MiB / 7.594GiB
1790867889,billetera-rabbitmq-1,54.13%,181.5MiB / 7.594GiB
1790867899,billetera-batch-1,0.09%,90.31MiB / 7.594GiB
1790867899,billetera-kong-1,0.36%,315.1MiB / 7.594GiB
1790867899,billetera-api-1,0.20%,160.6MiB / 7.594GiB
1790867899,billetera-core-simulado-1,0.11%,184.1MiB / 7.594GiB
1790867899,billetera-auth-1,0.00%,24.93MiB / 7.594GiB
1790867899,billetera-core-adapter-1,0.02%,28.03MiB / 7.594GiB
1790867899,billetera-postgres-1,0.89%,118.6MiB / 7.594GiB
1790867899,billetera-rabbitmq-1,0.15%,115.5MiB / 7.594GiB
