seg,rps,avg,p90,p95,p99,errores,e429,vus
0,189.1,195.91115600211526,313.426,350.516,434.895,11.528291909042835,218,351.0
10,608.3,338.2012965641953,734.346,1009.799,1512.435,55.498931448298535,3376,500.0
20,577.4,399.7277578801524,929.618,1242.015,1507.246,52.09560096986491,3008,500.0
30,660.6,294.2785584317287,612.576,818.624,1299.289,54.69270360278534,3613,500.0
40,616.1,362.6410485310826,804.989,1014.422,1397.314,45.34978087972732,2794,500.0
50,620.8,326.6943300579897,712.158,959.076,1278.305,54.05927835051546,3356,500.0
60,656.7,324.3771690269529,691.687,913.833,1404.018,53.205421044617026,3494,500.0
70,597.9,372.1525512627529,911.411,1121.828,1495.516,55.22662652617495,3302,500.0
80,629.3,342.29143794692516,758.992,1024.625,1648.486,55.998728746225964,3524,500.0
90,651.9,300.7839825126553,567.587,857.99,1249.59,50.40650406504065,3286,500.0
100,390.9,250.05437298541827,659.799,903.11,1350.873,56.971092350984904,2227,500.0
120,13.5,155.62504444444446,275.909,300.435,307.88,0.0,0,20.0
130,17.0,188.50077647058825,289.278,309.895,382.149,0.0,0,20.0
140,17.4,138.00341954022988,227.205,231.119,275.713,0.0,0,20.0
150,17.2,197.79230232558137,294.965,355.324,464.59,0.0,0,20.0
160,17.0,166.02093529411766,273.046,356.271,702.208,0.0,0,20.0
170,16.5,190.67898787878786,296.172,342.873,407.048,0.0,0,20.0
180,4.8,149.47327083333332,231.533,233.722,255.337,0.0,0,20.0
